{"last_tab":"4","logo_svg":"1","scrollup":"1","reg_image_size":"0","header_style":"v1","sticky_header":"0","show_header_topbar":"1","header_departments_menu_title":"All Departments","header_departments_menu_icon":"tm tm-departments-thin","header_search_placeholder_text":"Search for products","header_search_dropdown_text":"All Categories","header_search_button_text":"Search","header_live_search":"0","header_action_btn_text":"Go to TechMarket Shop","header_action_btn_link":"#","header_action_btn_icon":"tm tm-long-arrow-right","product_brand_taxonomy":"pa_brand","product_label_taxonomy":"pa_lable","catalog_mode":"0","compare_page_id":"467","checkout_sticky":"0","shop_footer_recently_viewed":"1","shop_footer_brands_carousel":"1","shop_jumbotron_id":"2533","product_archive_enabled_views":{"enabled":{"placebo":"placebo","grid":"Grid","grid-extended":"Grid Extended","list-view-large":"List View Large","list-view":"List","list-view-small":"List View Small"},"disabled":{"placebo":"placebo"}},"shop_layout":"left-sidebar","subcategory_columns":"5","product_columns":"5","products_per_page":"20","single_product_layout":"left-sidebar","single_product_style":"normal","related_products":"1","shop_specs_tab_title":"Specifications","shop_default_attr_style":"like_column","shop_default_attr_col":"3","myaccount_before_login_text":"Vestibulum lacus magna, faucibus vitae dui eget, aliquam fringilla. In et commodo elit. Class aptent taciti sociosqu ad litora.","myaccount_before_register_text":"Create new account today to reap the benefits of a personalized shopping experience. Praesent placerat, est sed aliquet finibus.","myaccount_register_benefits_title":"Sign up today and you will be able to :","myaccount_register_benefits":["Speed your way through checkout","Track your orders easily","Keep a record of all your purchases"],"blog_view":"blog-default","blog_layout":"right-sidebar","post_placeholder_img":"","post_force_excerpt":"1","single_post_layout":"right-sidebar","show_footer_before_block":"1","show_footer_newsletter":"1","footer_newsletter_title":"Sign up to Newsletter","footer_newsletter_marketing_text":"...and receive <strong>$20 coupon for first shopping</strong>","footer_newsletter_signup_form":"[wpforms id=\"3211\"]","show_footer_social_icons":"1","show_footer_logo":"1","site_footer_logo":{"url":"","id":"","height":"","width":"","thumbnail":"","title":"","caption":"","alt":"","description":""},"show_footer_contact_block":"1","footer_contact_info_title":"Got Questions ? Call us 24/7!","footer_contact_info_icon":"tm tm-call-us-footer","footer_contact_info_text":"(800) 8001-8588, (0600) 874 548","show_footer_address":"1","footer_address":"17 Princess Road, London, Greater London NW1 8JR, UK","footer_contact_map_link":"#","footer_contact_map_link_target":"0","footer_contact_map_icon":"tm tm-map-marker","footer_contact_map_text":"Find us on map","show_footer_payment_block":"1","footer_payment_info_title":"We are using safe payments","footer_payment_info_icon":"tm tm-safe-payments","footer_payment_icons_enable":"1","footer_payment_icons":"","footer_payment_secure_icons_enable":"1","footer_payment_secure_icons":"","show_footer_widgets":"1","footer_site_info_enable":"1","footer_copyright":"Copyright &copy; 2017 <a href=\"https://demo.chethemes.com/demo-2/\">Techmarket</a> Theme. All rights reserved.","footer_credit":"Made with <i class=\"fa fa-heart\"></i> by bcube.","facebook":"#","twitter":"#","googleplus":"#","pinterest":"","linkedin":"","tumblr":"","instagram":"","youtube":"","vimeo":"#","dribbble":"","stumbleupon":"","soundcloud":"","vine":"","vk":"","show_footer_rss_icon":"1","use_predefined_color":"1","main_color":"blue","custom_primary_color":"#0063d1","custom_primary_text_color":"#ffffff","include_custom_color":"1","use_predefined_font":"1","switch_to_roboto":"","techmarket_content_font":{"font-family":"Open Sans","font-options":"","google":"1","subsets":"latin"},"header_general_info_start":"","header_general_info_end":"","header_topbar_section_start":"","header_topbar_section_end":"","header_departments_menu_start":"","header_departments_menu_end":"","header_search_bar_start":"","header_search_bar_end":"","header_action_btn_start":"","header_action_btn_end":"","shop_general_info_start":"","shop_general_info_end":"","product_archive_page_start":"","product_archive_page_end":"","product_single_page_start":"","product_single_page_end":"","myaccount_page_start":"","myaccount_page_end":"","footer_before_block_start":"","footer_before_block_end":"","footer_newsletter_start":"","footer_newsletter_end":"","footer_social_start":"","footer_social_end":"","footer_logo_start":"","footer_logo_end":"","footer_contact_block_start":"","footer_contact_block_end":"","footer_payment_block_start":"","footer_payment_block_end":"","footer_widgets_start":"","footer_widgets_end":"","footer_site_info_start":"","footer_site_info_end":"","styling_general_info_start":"","styling_general_info_end":"","redux_import_export":"","redux-backup":1}